{"cameraMode":{"drawMode":0,"name":"Shaded","section":"Shading Mode"},"sceneLighting":true,"audioPlay":false,"sceneViewState":{"m_AlwaysRefresh":false,"showFog":true,"showSkybox":true,"showFlares":true,"showImageEffects":true,"showParticleSystems":true,"showVisualEffectGraphs":true,"m_FxEnabled":true},"in2DMode":false,"pivot":{"x":-8.381425857543946,"y":2.4639601707458498,"z":-4.765200614929199},"rotation":{"x":-0.04278650879859924,"y":0.21323801577091218,"z":-0.009347470477223397,"w":-0.9760193228721619},"size":16.22852897644043,"orthographic":false}